商品标题,商品价格,商品链接,评论量,店铺
变形金刚（TRANSFORMERS）儿童男孩玩具车模型机器人变形手办新年礼物传世加强级击倒F3031,￥135.00,https://item.jd.com/100038211338.html,2000+,孩之宝京东自营旗舰店
BANDAI万代高达Gundam拼装模型玩具 ENTRY GRADE EG入门级元祖敢达,￥70.00,https://item.jd.com/100021979027.html,2000+,万代京东自营专区
BANDAI万代高达拼装模型玩具ENTRYGRADE 1/144创制强袭超银河GUNDAM,￥99.00,https://item.jd.com/100076363120.html,1000+,BANDAI万代高达京东自营专区
万代 RG 1/144 自由高达 FREEDOM 高达SEED 15周岁以上拼装模型,￥169.00,https://item.jd.com/100063170633.html,2000+,万代模玩京东自营专区
BANDAI万代独角兽高达 SD高达 EX 005 SDEX 15周岁以上拼装模型,￥49.00,https://item.jd.com/100058005938.html,500+,万代模玩京东自营专区
BANDAI万代高达Gundam拼插拼装模型 SDEX004 飞翼零式改掉毛天使敢达,￥57.00,https://item.jd.com/3145554.html,5万+,万代京东自营专区
变形金刚（TRANSFORMERS）儿童男孩玩具车模型手办圣诞礼物SSGE06航行家级红蜘蛛F8765,￥335.00,https://item.jd.com/100083056633.html,2000+,孩之宝京东自营旗舰店
BANDAI万代高达Gundam拼装模型 HG 1/144 水星的魔女 凯列班异灵高达,￥172.00,https://item.jd.com/100078798924.html,1000+,万代京东自营专区
BANDAI万代高达Gundam拼插拼装模型玩具HG 1/144自由敢达,￥175.00,https://item.jd.com/2592754.html,5000+,万代京东自营专区
BANDAI万代高达Gundam拼插拼装模型玩具 SDEX005 独角兽毁灭形态敢达,￥57.00,https://item.jd.com/3145572.html,5万+,万代京东自营专区
万代（BANDAI） 高达模型 RG敢达拼装玩具 1/144 系列 男孩玩具 男生圣诞礼物 RG 14 强袭自由 【送支架+光翼】,￥238.00,https://item.jd.com/10530374164.html,5万+,大白鲸动漫专营店
BANDAI万代高达拼装模型玩具RG1/144艾比安高达GUNDAM,￥225.00,https://item.jd.com/100074693599.html,100+,BANDAI万代高达京东自营专区
变形金刚（TRANSFORMERS）儿童男孩玩具车模型手办生日礼物套装双棘狂V8 汽车人F7140,￥714.00,https://item.jd.com/100067992986.html,1000+,孩之宝京东自营旗舰店
BANDAI万代高达Gundam拼装模型玩具 SDEX009 命运敢达,￥57.00,https://item.jd.com/3145576.html,5万+,万代京东自营专区
BANDAI万代高达Gundam拼插拼装模型玩具SDEX 018 BB战士 飞翼零式敢达,￥55.00,https://item.jd.com/100018120871.html,2000+,万代京东自营专区
BANDAI万代高达Gundam拼装模型 RG 1/144 艾比安高达 癌变 14岁以上玩具,￥305.00,https://item.jd.com/100076319555.html,2万+,万代京东自营专区
万代高达 RG 1/144 红异端高达 迷茫迷惘 红色机 15周岁以上 拼装,￥159.00,https://item.jd.com/100053597838.html,2000+,万代模玩京东自营专区
BANDAI万代高达拼插拼装模型玩具RG 35 1/144 飞翼高达动画版 TV版 wing,￥249.00,https://item.jd.com/100014691079.html,2万+,万代京东自营专区
kidsdeer高达摩动核模型制作工具套装军模素组拼装模新手锋芒水口剪钳笔刀 豪华【17件套】,￥69.00,https://item.jd.com/10079641790143.html,1万+,kidsdeer玩具京东自营旗舰店
万代HG 1/144 风灵高达 修改型 强化型 水星的魔女 15周岁以上 拼装,￥115.00,https://item.jd.com/100055649250.html,2000+,万代模玩京东自营专区
BANDAI万代HGCE1/144 命运高达新生版DESTINYZGMF-X42S拼装模型,￥155.00,https://item.jd.com/100053279222.html,1000+,万代模玩京东自营专区
BANDAI万代 HG 1/144 水星的魔女 凯列班高达 异灵高达15周岁以上拼装,￥145.00,https://item.jd.com/100059061258.html,2000+,万代模玩京东自营专区
万代高达 HGUC 167 1/144 高F91高达拼装15周岁以上模型,￥99.00,https://item.jd.com/100057340456.html,500+,万代模玩京东自营专区
BANDAI万代高达Gundam拼装模型玩具 HGCE 1/144 231 无限正义,￥195.00,https://item.jd.com/100078801874.html,5000+,万代京东自营专区
变形金刚（TRANSFORMERS）男孩玩具车模型手办机器人新年礼物电影同款SS84加强级铁皮F3171,￥135.00,https://item.jd.com/100037337106.html,1万+,孩之宝京东自营旗舰店
BANDAI万代高达Gundam拼装模型玩具 1/144 RG09 阿斯兰 Justice正义敢达,￥209.00,https://item.jd.com/1852842.html,2万+,万代京东自营专区
拼酷（piececool）自由高达立像模型手办3d金属立体拼图手工diy拼装玩具摆件,￥238.00,https://item.jd.com/100058776655.html,1万+,拼酷（piececool）京东自营旗舰店
幸运石（XINGYUNSHI）优质版手办白雪姬高达模型敖丙吕布曹仁白虎高达拼装模型随机 不重复随机2盒 模型（详情页奖池随机发货）,￥102.00,https://item.jd.com/10087213738609.html,15,楚蔻玩具店
万代HGUC 1/144 独角兽高达 NTD 毁灭模式拼装15周岁以上模型,￥129.00,https://item.jd.com/100060909625.html,500+,万代模玩京东自营专区
BANDAI万代高达拼插拼装模型玩具三国创杰传SD BB战士Q版夏侯渊托鲁基斯,￥57.00,https://item.jd.com/100011014578.html,5000+,万代京东自营专区
